TimeSinceStart,TrialNo,TrialID,ParticipantID,Landmark,DetailedView,Interaction,Details
112.4676,9,Training,1,Floor,Shelves,Foot Interaction,Right Foot Press
116.4676,9,Training,1,Floor,Shelves,Foot Interaction,Right Foot Press
150.3094,9,Training,1,Floor,Shelves,Foot Interaction,Right Foot Press
152.1872,9,Training,1,Floor,Shelves,Foot Interaction,Right Foot Press
165.1759,9,Training,1,Floor,Shelves,Foot Interaction,Right Sliding MAX3
165.2426,9,Training,1,Floor,Shelves,Foot Interaction,Right Sliding MAX3
165.3093,9,Training,1,Floor,Shelves,Foot Interaction,Right Sliding MAX3
165.3648,9,Training,1,Floor,Shelves,Foot Interaction,Right Sliding MAX3
165.4315,9,Training,1,Floor,Shelves,Foot Interaction,Right Sliding MAX3
165.4982,9,Training,1,Floor,Shelves,Foot Interaction,Right Sliding MAX3
165.5537,9,Training,1,Floor,Shelves,Foot Interaction,Right Sliding MAX3
165.6204,9,Training,1,Floor,Shelves,Foot Interaction,Right Sliding MAX3
165.6759,9,Training,1,Floor,Shelves,Foot Interaction,Right Sliding MAX3
165.7315,9,Training,1,Floor,Shelves,Foot Interaction,Right Sliding MAX3
165.7982,9,Training,1,Floor,Shelves,Foot Interaction,Right Sliding MAX3
165.8537,9,Training,1,Floor,Shelves,Foot Interaction,Right Sliding MAX3
165.9093,9,Training,1,Floor,Shelves,Foot Interaction,Right Sliding MAX3
165.976,9,Training,1,Floor,Shelves,Foot Interaction,Right Sliding MAX3
166.0315,9,Training,1,Floor,Shelves,Foot Interaction,Right Sliding MAX3
166.0871,9,Training,1,Floor,Shelves,Foot Interaction,Right Foot Press
166.0871,9,Training,1,Floor,Shelves,Foot Interaction,Right Sliding MAX3
166.1537,9,Training,1,Floor,Shelves,Foot Interaction,Right Sliding MAX3
166.2093,9,Training,1,Floor,Shelves,Foot Interaction,Right Sliding MAX3
166.2648,9,Training,1,Floor,Shelves,Foot Interaction,Right Sliding MAX3
166.3315,9,Training,1,Floor,Shelves,Foot Interaction,Right Sliding MAX3
166.3871,9,Training,1,Floor,Shelves,Foot Interaction,Right Sliding MAX3
203.12,9,Training,1,Floor,Shelves,Foot Interaction,Right Foot Press
212.4532,9,Training,1,Floor,Shelves,Foot Interaction,Right Foot Press
214.7421,9,Training,1,Floor,Shelves,Foot Interaction,Right Foot Press
215.4865,9,Training,1,Floor,Shelves,Foot Interaction,Right Foot Press
217.7976,9,Training,1,Floor,Shelves,Foot Interaction,Right Foot Press
218.3754,9,Training,1,Floor,Shelves,Foot Interaction,Right Foot Press
219.2309,9,Training,1,Floor,Shelves,Foot Interaction,Right Foot Press
220.1976,9,Training,1,Floor,Shelves,Foot Interaction,Right Foot Press
221.7753,9,Training,1,Floor,Shelves,Foot Interaction,Right Foot Press
234.9196,9,Training,1,Floor,Shelves,Foot Interaction,Right Foot Press
235.0307,9,Training,1,Floor,Shelves,Foot Interaction,Left Foot Press
237.3085,9,Training,1,Floor,Shelves,Foot Interaction,Right Foot Press
237.7307,9,Training,1,Floor,Shelves,Foot Interaction,Right Sliding MAX3
237.7974,9,Training,1,Floor,Shelves,Foot Interaction,Right Sliding MAX3
237.8529,9,Training,1,Floor,Shelves,Foot Interaction,Right Sliding MAX3
237.9196,9,Training,1,Floor,Shelves,Foot Interaction,Right Sliding MAX3
237.9751,9,Training,1,Floor,Shelves,Foot Interaction,Right Sliding MAX3
238.0418,9,Training,1,Floor,Shelves,Foot Interaction,Right Sliding MAX3
238.0974,9,Training,1,Floor,Shelves,Foot Interaction,Right Sliding MAX3
238.164,9,Training,1,Floor,Shelves,Foot Interaction,Right Sliding MAX3
238.2196,9,Training,1,Floor,Shelves,Foot Interaction,Right Sliding MAX3
238.2863,9,Training,1,Floor,Shelves,Foot Interaction,Right Foot Press
238.2863,9,Training,1,Floor,Shelves,Foot Interaction,Right Sliding MAX3
238.3307,9,Training,1,Floor,Shelves,Foot Interaction,Right Sliding MAX3
238.4085,9,Training,1,Floor,Shelves,Foot Interaction,Right Sliding MAX3
238.464,9,Training,1,Floor,Shelves,Foot Interaction,Right Sliding MAX3
238.5196,9,Training,1,Floor,Shelves,Foot Interaction,Right Sliding MAX3
238.5751,9,Training,1,Floor,Shelves,Foot Interaction,Right Sliding MAX3
238.6418,9,Training,1,Floor,Shelves,Foot Interaction,Right Sliding MAX3
238.6862,9,Training,1,Floor,Shelves,Foot Interaction,Right Sliding MAX3
238.764,9,Training,1,Floor,Shelves,Foot Interaction,Right Sliding MAX3
238.8085,9,Training,1,Floor,Shelves,Foot Interaction,Right Sliding MAX3
238.8751,9,Training,1,Floor,Shelves,Foot Interaction,Right Sliding MAX3
238.9307,9,Training,1,Floor,Shelves,Foot Interaction,Right Sliding MAX3
238.9974,9,Training,1,Floor,Shelves,Foot Interaction,Right Sliding MAX3
239.0529,9,Training,1,Floor,Shelves,Foot Interaction,Right Sliding MAX3
239.1307,9,Training,1,Floor,Shelves,Foot Interaction,Right Sliding MAX3
239.1862,9,Training,1,Floor,Shelves,Foot Interaction,Right Sliding MAX3
239.2529,9,Training,1,Floor,Shelves,Foot Interaction,Right Sliding MAX3
239.3085,9,Training,1,Floor,Shelves,Foot Interaction,Right Sliding MAX3
239.3751,9,Training,1,Floor,Shelves,Foot Interaction,Right Sliding MAX3
239.4307,9,Training,1,Floor,Shelves,Foot Interaction,Right Sliding MAX3
239.4973,9,Training,1,Floor,Shelves,Foot Interaction,Right Sliding MAX3
239.5529,9,Training,1,Floor,Shelves,Foot Interaction,Right Sliding MAX3
239.6196,9,Training,1,Floor,Shelves,Foot Interaction,Right Sliding MAX3
239.6862,9,Training,1,Floor,Shelves,Foot Interaction,Right Sliding MAX3
239.7418,9,Training,1,Floor,Shelves,Foot Interaction,Right Sliding MAX3
239.7973,9,Training,1,Floor,Shelves,Foot Interaction,Right Sliding MAX3
250.6083,9,Training,1,Floor,Shelves,Foot Interaction,Right Sliding MAX1
250.6639,9,Training,1,Floor,Shelves,Foot Interaction,Right Sliding MAX1
250.7306,9,Training,1,Floor,Shelves,Foot Interaction,Right Sliding MAX1
250.7861,9,Training,1,Floor,Shelves,Foot Interaction,Right Sliding MAX1
250.8528,9,Training,1,Floor,Shelves,Foot Interaction,Right Sliding MAX1
250.9083,9,Training,1,Floor,Shelves,Foot Interaction,Right Sliding MAX1
250.975,9,Training,1,Floor,Shelves,Foot Interaction,Right Sliding MAX1
251.0305,9,Training,1,Floor,Shelves,Foot Interaction,Right Sliding MAX1
251.0972,9,Training,1,Floor,Shelves,Foot Interaction,Right Sliding MAX1
251.1528,9,Training,1,Floor,Shelves,Foot Interaction,Right Sliding MAX1
251.2195,9,Training,1,Floor,Shelves,Foot Interaction,Right Sliding MAX1
251.275,9,Training,1,Floor,Shelves,Foot Interaction,Right Sliding MAX1
251.3417,9,Training,1,Floor,Shelves,Foot Interaction,Right Sliding MAX1
251.3972,9,Training,1,Floor,Shelves,Foot Interaction,Right Sliding MAX1
251.475,9,Training,1,Floor,Shelves,Foot Interaction,Right Sliding MAX1
251.5417,9,Training,1,Floor,Shelves,Foot Interaction,Right Sliding MAX1
251.6083,9,Training,1,Floor,Shelves,Foot Interaction,Right Sliding MAX1
251.6639,9,Training,1,Floor,Shelves,Foot Interaction,Right Sliding MAX1
251.7305,9,Training,1,Floor,Shelves,Foot Interaction,Right Sliding MAX1
251.7972,9,Training,1,Floor,Shelves,Foot Interaction,Right Sliding MAX1
251.8639,9,Training,1,Floor,Shelves,Foot Interaction,Right Sliding MAX1
251.9194,9,Training,1,Floor,Shelves,Foot Interaction,Right Sliding MAX1
254.1861,9,Training,1,Floor,Shelves,Foot Interaction,Left Sliding MAX1
254.2416,9,Training,1,Floor,Shelves,Foot Interaction,Left Sliding MAX1
254.3083,9,Training,1,Floor,Shelves,Foot Interaction,Left Sliding MAX1
254.3639,9,Training,1,Floor,Shelves,Foot Interaction,Left Sliding MAX1
254.4416,9,Training,1,Floor,Shelves,Foot Interaction,Left Sliding MAX1
254.4972,9,Training,1,Floor,Shelves,Foot Interaction,Left Sliding MAX1
254.5527,9,Training,1,Floor,Shelves,Foot Interaction,Left Sliding MAX1
254.6083,9,Training,1,Floor,Shelves,Foot Interaction,Left Sliding MAX1
254.6861,9,Training,1,Floor,Shelves,Foot Interaction,Left Sliding MAX1
254.7305,9,Training,1,Floor,Shelves,Foot Interaction,Left Sliding MAX1
254.8083,9,Training,1,Floor,Shelves,Foot Interaction,Left Sliding MAX1
254.8638,9,Training,1,Floor,Shelves,Foot Interaction,Left Sliding MAX1
254.9194,9,Training,1,Floor,Shelves,Foot Interaction,Left Sliding MAX1
254.975,9,Training,1,Floor,Shelves,Foot Interaction,Left Sliding MAX1
255.0416,9,Training,1,Floor,Shelves,Foot Interaction,Left Sliding MAX1
255.0972,9,Training,1,Floor,Shelves,Foot Interaction,Left Sliding MAX1
255.175,9,Training,1,Floor,Shelves,Foot Interaction,Left Sliding MAX1
255.2194,9,Training,1,Floor,Shelves,Foot Interaction,Left Sliding MAX1
255.2861,9,Training,1,Floor,Shelves,Foot Interaction,Left Sliding MAX1
255.3527,9,Training,1,Floor,Shelves,Foot Interaction,Left Sliding MAX1
255.4083,9,Training,1,Floor,Shelves,Foot Interaction,Left Sliding MAX1
255.4527,9,Training,1,Floor,Shelves,Foot Interaction,Left Sliding MAX1
255.5305,9,Training,1,Floor,Shelves,Foot Interaction,Left Sliding MAX1
255.5861,9,Training,1,Floor,Shelves,Foot Interaction,Left Sliding MAX1
255.6416,9,Training,1,Floor,Shelves,Foot Interaction,Left Sliding MAX1
255.6972,9,Training,1,Floor,Shelves,Foot Interaction,Left Sliding MAX1
255.7638,9,Training,1,Floor,Shelves,Foot Interaction,Left Sliding MAX1
255.8194,9,Training,1,Floor,Shelves,Foot Interaction,Left Sliding MAX1
255.8972,9,Training,1,Floor,Shelves,Foot Interaction,Left Sliding MAX1
255.9527,9,Training,1,Floor,Shelves,Foot Interaction,Left Sliding MAX1
256.8972,9,Training,1,Floor,Shelves,Foot Interaction,Left Sliding MAX1
256.9638,9,Training,1,Floor,Shelves,Foot Interaction,Left Sliding MAX1
257.0194,9,Training,1,Floor,Shelves,Foot Interaction,Left Sliding MAX1
257.0861,9,Training,1,Floor,Shelves,Foot Interaction,Left Sliding MAX1
257.1416,9,Training,1,Floor,Shelves,Foot Interaction,Left Sliding MAX1
257.2083,9,Training,1,Floor,Shelves,Foot Interaction,Left Sliding MAX1
257.2638,9,Training,1,Floor,Shelves,Foot Interaction,Left Sliding MAX1
257.3305,9,Training,1,Floor,Shelves,Foot Interaction,Left Sliding MAX1
257.386,9,Training,1,Floor,Shelves,Foot Interaction,Left Sliding MAX1
257.4527,9,Training,1,Floor,Shelves,Foot Interaction,Left Sliding MAX1
257.5194,9,Training,1,Floor,Shelves,Foot Interaction,Left Sliding MAX1
257.586,9,Training,1,Floor,Shelves,Foot Interaction,Left Sliding MAX1
257.6416,9,Training,1,Floor,Shelves,Foot Interaction,Left Sliding MAX1
257.7416,9,Training,1,Floor,Shelves,Foot Interaction,Left Sliding MAX1
257.8083,9,Training,1,Floor,Shelves,Foot Interaction,Left Sliding MAX1
257.8749,9,Training,1,Floor,Shelves,Foot Interaction,Left Sliding MAX1
257.9305,9,Training,1,Floor,Shelves,Foot Interaction,Left Sliding MAX1
257.9971,9,Training,1,Floor,Shelves,Foot Interaction,Left Sliding MAX1
258.0638,9,Training,1,Floor,Shelves,Foot Interaction,Left Sliding MAX1
258.1305,9,Training,1,Floor,Shelves,Foot Interaction,Left Sliding MAX1
258.186,9,Training,1,Floor,Shelves,Foot Interaction,Left Sliding MAX1
258.2527,9,Training,1,Floor,Shelves,Foot Interaction,Left Sliding MAX1
258.3083,9,Training,1,Floor,Shelves,Foot Interaction,Left Sliding MAX1
258.3749,9,Training,1,Floor,Shelves,Foot Interaction,Left Sliding MAX1
258.4305,9,Training,1,Floor,Shelves,Foot Interaction,Left Sliding MAX1
258.5082,9,Training,1,Floor,Shelves,Foot Interaction,Left Sliding MAX1
258.5638,9,Training,1,Floor,Shelves,Foot Interaction,Left Sliding MAX1
267.1193,9,Training,1,Floor,Shelves,Foot Interaction,Right Sliding MAX3
267.1859,9,Training,1,Floor,Shelves,Foot Interaction,Right Sliding MAX3
269.3304,9,Training,1,Floor,Shelves,Foot Interaction,Right Sliding MAX3
269.397,9,Training,1,Floor,Shelves,Foot Interaction,Right Sliding MAX3
269.4526,9,Training,1,Floor,Shelves,Foot Interaction,Right Sliding MAX3
269.5192,9,Training,1,Floor,Shelves,Foot Interaction,Right Sliding MAX3
269.5637,9,Training,1,Floor,Shelves,Foot Interaction,Right Sliding MAX3
269.6304,9,Training,1,Floor,Shelves,Foot Interaction,Right Sliding MAX3
269.6859,9,Training,1,Floor,Shelves,Foot Interaction,Right Sliding MAX3
269.7526,9,Training,1,Floor,Shelves,Foot Interaction,Right Sliding MAX3
269.8081,9,Training,1,Floor,Shelves,Foot Interaction,Right Sliding MAX3
269.8748,9,Training,1,Floor,Shelves,Foot Interaction,Right Sliding MAX3
269.9304,9,Training,1,Floor,Shelves,Foot Interaction,Right Sliding MAX3
269.9859,9,Training,1,Floor,Shelves,Foot Interaction,Right Sliding MAX3
270.0414,9,Training,1,Floor,Shelves,Foot Interaction,Right Sliding MAX3
270.1081,9,Training,1,Floor,Shelves,Foot Interaction,Right Sliding MAX3
270.1637,9,Training,1,Floor,Shelves,Foot Interaction,Right Sliding MAX3
270.2303,9,Training,1,Floor,Shelves,Foot Interaction,Right Sliding MAX3
270.2859,9,Training,1,Floor,Shelves,Foot Interaction,Right Sliding MAX3
270.3526,9,Training,1,Floor,Shelves,Foot Interaction,Right Sliding MAX3
270.4081,9,Training,1,Floor,Shelves,Foot Interaction,Right Sliding MAX3
270.4748,9,Training,1,Floor,Shelves,Foot Interaction,Right Sliding MAX3
270.5303,9,Training,1,Floor,Shelves,Foot Interaction,Right Sliding MAX3
270.597,9,Training,1,Floor,Shelves,Foot Interaction,Right Sliding MAX3
271.4859,9,Training,1,Floor,Shelves,Foot Interaction,Right Sliding MAX3
271.5526,9,Training,1,Floor,Shelves,Foot Interaction,Right Sliding MAX3
271.6081,9,Training,1,Floor,Shelves,Foot Interaction,Right Sliding MAX3
271.6748,9,Training,1,Floor,Shelves,Foot Interaction,Right Sliding MAX3
271.7192,9,Training,1,Floor,Shelves,Foot Interaction,Right Sliding MAX3
271.8081,9,Training,1,Floor,Shelves,Foot Interaction,Right Sliding MAX3
271.8636,9,Training,1,Floor,Shelves,Foot Interaction,Right Sliding MAX3
271.9303,9,Training,1,Floor,Shelves,Foot Interaction,Right Foot Press
271.9303,9,Training,1,Floor,Shelves,Foot Interaction,Right Sliding MAX3
271.9748,9,Training,1,Floor,Shelves,Foot Interaction,Right Sliding MAX3
273.3192,9,Training,1,Floor,Shelves,Foot Interaction,Right Sliding MAX3
273.3748,9,Training,1,Floor,Shelves,Foot Interaction,Right Sliding MAX3
273.4303,9,Training,1,Floor,Shelves,Foot Interaction,Right Sliding MAX3
273.5081,9,Training,1,Floor,Shelves,Foot Interaction,Right Sliding MAX3
273.5637,9,Training,1,Floor,Shelves,Foot Interaction,Right Sliding MAX3
273.6192,9,Training,1,Floor,Shelves,Foot Interaction,Right Sliding MAX3
273.6747,9,Training,1,Floor,Shelves,Foot Interaction,Right Sliding MAX3
273.7414,9,Training,1,Floor,Shelves,Foot Interaction,Right Sliding MAX3
273.797,9,Training,1,Floor,Shelves,Foot Interaction,Right Foot Press
274.8525,9,Training,1,Floor,Shelves,Foot Interaction,Right Sliding MAX3
274.897,9,Training,1,Floor,Shelves,Foot Interaction,Right Sliding MAX3
274.9747,9,Training,1,Floor,Shelves,Foot Interaction,Right Sliding MAX3
275.0303,9,Training,1,Floor,Shelves,Foot Interaction,Right Sliding MAX3
275.1192,9,Training,1,Floor,Shelves,Foot Interaction,Right Sliding MAX3
275.1859,9,Training,1,Floor,Shelves,Foot Interaction,Right Sliding MAX3
275.2525,9,Training,1,Floor,Shelves,Foot Interaction,Right Sliding MAX3
275.2969,9,Training,1,Floor,Shelves,Foot Interaction,Right Sliding MAX3
275.3747,9,Training,1,Floor,Shelves,Foot Interaction,Right Foot Press
276.3636,9,Training,1,Floor,Shelves,Foot Interaction,Right Sliding MAX3
276.4192,9,Training,1,Floor,Shelves,Foot Interaction,Right Sliding MAX3
276.4858,9,Training,1,Floor,Shelves,Foot Interaction,Right Sliding MAX3
276.5414,9,Training,1,Floor,Shelves,Foot Interaction,Right Sliding MAX3
276.608,9,Training,1,Floor,Shelves,Foot Interaction,Right Sliding MAX3
276.6636,9,Training,1,Floor,Shelves,Foot Interaction,Right Sliding MAX3
276.7303,9,Training,1,Floor,Shelves,Foot Interaction,Right Sliding MAX3
276.7858,9,Training,1,Floor,Shelves,Foot Interaction,Right Foot Press
277.9191,9,Training,1,Floor,Shelves,Foot Interaction,Right Sliding MAX3
277.9969,9,Training,1,Floor,Shelves,Foot Interaction,Right Sliding MAX3
278.0747,9,Training,1,Floor,Shelves,Foot Interaction,Right Sliding MAX3
278.1525,9,Training,1,Floor,Shelves,Foot Interaction,Right Sliding MAX3
278.208,9,Training,1,Floor,Shelves,Foot Interaction,Right Sliding MAX3
278.2747,9,Training,1,Floor,Shelves,Foot Interaction,Right Sliding MAX3
278.3303,9,Training,1,Floor,Shelves,Foot Interaction,Right Sliding MAX3
278.3969,9,Training,1,Floor,Shelves,Foot Interaction,Right Sliding MAX3
278.4525,9,Training,1,Floor,Shelves,Foot Interaction,Right Sliding MAX3
278.5191,9,Training,1,Floor,Shelves,Foot Interaction,Right Sliding MAX3
278.5747,9,Training,1,Floor,Shelves,Foot Interaction,Right Sliding MAX3
278.6414,9,Training,1,Floor,Shelves,Foot Interaction,Right Sliding MAX3
278.6969,9,Training,1,Floor,Shelves,Foot Interaction,Right Sliding MAX3
278.7747,9,Training,1,Floor,Shelves,Foot Interaction,Right Sliding MAX3
278.8303,9,Training,1,Floor,Shelves,Foot Interaction,Right Sliding MAX3
278.908,9,Training,1,Floor,Shelves,Foot Interaction,Right Sliding MAX3
278.9636,9,Training,1,Floor,Shelves,Foot Interaction,Right Sliding MAX3
279.0414,9,Training,1,Floor,Shelves,Foot Interaction,Right Sliding MAX3
279.0969,9,Training,1,Floor,Shelves,Foot Interaction,Right Sliding MAX3
279.1636,9,Training,1,Floor,Shelves,Foot Interaction,Right Sliding MAX3
279.2191,9,Training,1,Floor,Shelves,Foot Interaction,Right Sliding MAX3
279.2969,9,Training,1,Floor,Shelves,Foot Interaction,Right Sliding MAX3
279.3525,9,Training,1,Floor,Shelves,Foot Interaction,Right Sliding MAX3
279.4191,9,Training,1,Floor,Shelves,Foot Interaction,Right Sliding MAX3
279.4858,9,Training,1,Floor,Shelves,Foot Interaction,Right Sliding MAX3
279.5636,9,Training,1,Floor,Shelves,Foot Interaction,Right Sliding MAX3
279.6302,9,Training,1,Floor,Shelves,Foot Interaction,Right Sliding MAX3
279.708,9,Training,1,Floor,Shelves,Foot Interaction,Right Sliding MAX3
279.7635,9,Training,1,Floor,Shelves,Foot Interaction,Right Sliding MAX3
279.8191,9,Training,1,Floor,Shelves,Foot Interaction,Right Sliding MAX3
279.8858,9,Training,1,Floor,Shelves,Foot Interaction,Right Sliding MAX3
279.9413,9,Training,1,Floor,Shelves,Foot Interaction,Right Sliding MAX3
279.9858,9,Training,1,Floor,Shelves,Foot Interaction,Right Sliding MAX3
280.0636,9,Training,1,Floor,Shelves,Foot Interaction,Right Sliding MAX3
280.1191,9,Training,1,Floor,Shelves,Foot Interaction,Right Sliding MAX3
280.1747,9,Training,1,Floor,Shelves,Foot Interaction,Right Sliding MAX3
280.2413,9,Training,1,Floor,Shelves,Foot Interaction,Right Sliding MAX3
280.308,9,Training,1,Floor,Shelves,Foot Interaction,Right Sliding MAX3
280.3524,9,Training,1,Floor,Shelves,Foot Interaction,Right Sliding MAX3
280.4302,9,Training,1,Floor,Shelves,Foot Interaction,Right Sliding MAX3
280.4858,9,Training,1,Floor,Shelves,Foot Interaction,Right Sliding MAX3
280.5524,9,Training,1,Floor,Shelves,Foot Interaction,Right Sliding MAX3
280.6191,9,Training,1,Floor,Shelves,Foot Interaction,Right Sliding MAX3
280.6969,9,Training,1,Floor,Shelves,Foot Interaction,Right Sliding MAX3
280.7524,9,Training,1,Floor,Shelves,Foot Interaction,Right Sliding MAX3
280.8191,9,Training,1,Floor,Shelves,Foot Interaction,Right Sliding MAX3
280.8747,9,Training,1,Floor,Shelves,Foot Interaction,Right Sliding MAX3
280.9413,9,Training,1,Floor,Shelves,Foot Interaction,Right Sliding MAX3
280.9969,9,Training,1,Floor,Shelves,Foot Interaction,Right Sliding MAX3
281.0635,9,Training,1,Floor,Shelves,Foot Interaction,Right Sliding MAX3
281.1191,9,Training,1,Floor,Shelves,Foot Interaction,Right Sliding MAX3
281.208,9,Training,1,Floor,Shelves,Foot Interaction,Right Sliding MAX3
281.2524,9,Training,1,Floor,Shelves,Foot Interaction,Right Sliding MAX3
281.3191,9,Training,1,Floor,Shelves,Foot Interaction,Right Sliding MAX3
281.3858,9,Training,1,Floor,Shelves,Foot Interaction,Right Sliding MAX3
281.4525,9,Training,1,Floor,Shelves,Foot Interaction,Right Sliding MAX3
281.4969,9,Training,1,Floor,Shelves,Foot Interaction,Right Sliding MAX3
281.5746,9,Training,1,Floor,Shelves,Foot Interaction,Right Sliding MAX3
281.6191,9,Training,1,Floor,Shelves,Foot Interaction,Right Sliding MAX3
281.6858,9,Training,1,Floor,Shelves,Foot Interaction,Right Foot Press
296.0301,9,Training,1,Floor,Shelves,Foot Interaction,Right Sliding MAX3
296.0856,9,Training,1,Floor,Shelves,Foot Interaction,Right Sliding MAX3
296.1523,9,Training,1,Floor,Shelves,Foot Interaction,Right Sliding MAX3
296.2078,9,Training,1,Floor,Shelves,Foot Interaction,Right Sliding MAX3
296.2745,9,Training,1,Floor,Shelves,Foot Interaction,Right Sliding MAX3
296.33,9,Training,1,Floor,Shelves,Foot Interaction,Right Sliding MAX3
296.3856,9,Training,1,Floor,Shelves,Foot Interaction,Right Sliding MAX3
296.4412,9,Training,1,Floor,Shelves,Foot Interaction,Right Sliding MAX3
298.8189,9,Training,1,Floor,Shelves,Foot Interaction,Right Foot Press
299.8411,9,Training,1,Floor,Shelves,Foot Interaction,Right Sliding MAX3
299.9078,9,Training,1,Floor,Shelves,Foot Interaction,Right Sliding MAX3
299.9633,9,Training,1,Floor,Shelves,Foot Interaction,Right Sliding MAX3
300.0189,9,Training,1,Floor,Shelves,Foot Interaction,Right Sliding MAX3
300.0856,9,Training,1,Floor,Shelves,Foot Interaction,Right Sliding MAX3
300.2078,9,Training,1,Floor,Shelves,Foot Interaction,Right Sliding MAX3
300.2745,9,Training,1,Floor,Shelves,Foot Interaction,Right Sliding MAX3
300.33,9,Training,1,Floor,Shelves,Foot Interaction,Right Sliding MAX3
300.3745,9,Training,1,Floor,Shelves,Foot Interaction,Right Sliding MAX3
300.4411,9,Training,1,Floor,Shelves,Foot Interaction,Right Sliding MAX3
300.4967,9,Training,1,Floor,Shelves,Foot Interaction,Right Sliding MAX3
300.5522,9,Training,1,Floor,Shelves,Foot Interaction,Right Sliding MAX3
300.6078,9,Training,1,Floor,Shelves,Foot Interaction,Right Sliding MAX3
300.6744,9,Training,1,Floor,Shelves,Foot Interaction,Right Sliding MAX3
300.73,9,Training,1,Floor,Shelves,Foot Interaction,Right Sliding MAX3
300.7967,9,Training,1,Floor,Shelves,Foot Interaction,Right Sliding MAX3
300.8522,9,Training,1,Floor,Shelves,Foot Interaction,Right Sliding MAX3
300.9078,9,Training,1,Floor,Shelves,Foot Interaction,Right Sliding MAX3
300.9633,9,Training,1,Floor,Shelves,Foot Interaction,Right Sliding MAX3
301.03,9,Training,1,Floor,Shelves,Foot Interaction,Right Sliding MAX3
301.1522,9,Training,1,Floor,Shelves,Foot Interaction,Right Sliding MAX3
301.1967,9,Training,1,Floor,Shelves,Foot Interaction,Right Sliding MAX3
301.2633,9,Training,1,Floor,Shelves,Foot Interaction,Right Sliding MAX3
302.5522,9,Training,1,Floor,Shelves,Foot Interaction,Right Sliding MAX3
302.6078,9,Training,1,Floor,Shelves,Foot Interaction,Right Foot Press
302.6078,9,Training,1,Floor,Shelves,Foot Interaction,Right Sliding MAX3
302.6744,9,Training,1,Floor,Shelves,Foot Interaction,Right Sliding MAX3
302.7966,9,Training,1,Floor,Shelves,Foot Interaction,Right Sliding MAX3
302.8522,9,Training,1,Floor,Shelves,Foot Interaction,Right Sliding MAX3
302.9189,9,Training,1,Floor,Shelves,Foot Interaction,Right Sliding MAX3
303.7855,9,Training,1,Floor,Shelves,Foot Interaction,Left Sliding MAX2
303.8522,9,Training,1,Floor,Shelves,Foot Interaction,Left Sliding MAX2
303.9189,9,Training,1,Floor,Shelves,Foot Interaction,Left Sliding MAX2
305.3522,9,Training,1,Floor,Shelves,Foot Interaction,Right Sliding MAX3
305.4188,9,Training,1,Floor,Shelves,Foot Interaction,Right Foot Press
305.4188,9,Training,1,Floor,Shelves,Foot Interaction,Right Sliding MAX3
305.9966,9,Training,1,Floor,Shelves,Foot Interaction,Right Sliding MIN1
306.0855,9,Training,1,Floor,Shelves,Foot Interaction,Right Sliding MIN1
306.1633,9,Training,1,Floor,Shelves,Foot Interaction,Right Sliding MIN1
306.2299,9,Training,1,Floor,Shelves,Foot Interaction,Right Sliding MIN1
306.2966,9,Training,1,Floor,Shelves,Foot Interaction,Right Foot Press
306.2966,9,Training,1,Floor,Shelves,Foot Interaction,Right Sliding MIN1
306.3744,9,Training,1,Floor,Shelves,Foot Interaction,Right Sliding MIN1
306.4299,9,Training,1,Floor,Shelves,Foot Interaction,Right Sliding MIN1
306.5188,9,Training,1,Floor,Shelves,Foot Interaction,Right Sliding MIN1
307.8966,9,Training,1,Floor,Shelves,Foot Interaction,Left Sliding MAX3
307.9521,9,Training,1,Floor,Shelves,Foot Interaction,Left Sliding MAX3
308.0077,9,Training,1,Floor,Shelves,Foot Interaction,Left Sliding MAX3
308.0744,9,Training,1,Floor,Shelves,Foot Interaction,Left Sliding MAX3
308.1411,9,Training,1,Floor,Shelves,Foot Interaction,Left Sliding MAX3
308.1966,9,Training,1,Floor,Shelves,Foot Interaction,Left Sliding MAX3
308.2744,9,Training,1,Floor,Shelves,Foot Interaction,Left Sliding MAX3
308.3299,9,Training,1,Floor,Shelves,Foot Interaction,Left Sliding MAX3
308.3966,9,Training,1,Floor,Shelves,Foot Interaction,Left Sliding MAX3
308.4521,9,Training,1,Floor,Shelves,Foot Interaction,Left Sliding MAX3
308.5188,9,Training,1,Floor,Shelves,Foot Interaction,Left Sliding MAX3
308.5743,9,Training,1,Floor,Shelves,Foot Interaction,Left Sliding MAX3
308.641,9,Training,1,Floor,Shelves,Foot Interaction,Left Sliding MAX3
308.6966,9,Training,1,Floor,Shelves,Foot Interaction,Left Sliding MAX3
308.7521,9,Training,1,Floor,Shelves,Foot Interaction,Left Sliding MAX3
309.6077,9,Training,1,Floor,Shelves,Foot Interaction,Right Foot Press
310.0077,9,Training,1,Floor,Shelves,Foot Interaction,Right Sliding MIN1
310.0854,9,Training,1,Floor,Shelves,Foot Interaction,Right Sliding MIN1
310.1299,9,Training,1,Floor,Shelves,Foot Interaction,Right Sliding MIN1
310.1966,9,Training,1,Floor,Shelves,Foot Interaction,Right Sliding MIN1
310.2521,9,Training,1,Floor,Shelves,Foot Interaction,Right Sliding MIN1
310.3188,9,Training,1,Floor,Shelves,Foot Interaction,Right Sliding MIN1
310.3632,9,Training,1,Floor,Shelves,Foot Interaction,Right Sliding MIN1
310.441,9,Training,1,Floor,Shelves,Foot Interaction,Right Sliding MIN1
310.4966,9,Training,1,Floor,Shelves,Foot Interaction,Right Sliding MIN1
310.5521,9,Training,1,Floor,Shelves,Foot Interaction,Right Sliding MIN1
310.6077,9,Training,1,Floor,Shelves,Foot Interaction,Right Sliding MIN1
310.6743,9,Training,1,Floor,Shelves,Foot Interaction,Right Sliding MIN1
310.7299,9,Training,1,Floor,Shelves,Foot Interaction,Right Sliding MIN1
310.7966,9,Training,1,Floor,Shelves,Foot Interaction,Right Sliding MIN1
310.8521,9,Training,1,Floor,Shelves,Foot Interaction,Right Sliding MIN1
310.9188,9,Training,1,Floor,Shelves,Foot Interaction,Right Sliding MIN1
310.9743,9,Training,1,Floor,Shelves,Foot Interaction,Right Sliding MIN1
311.041,9,Training,1,Floor,Shelves,Foot Interaction,Right Sliding MIN1
311.0966,9,Training,1,Floor,Shelves,Foot Interaction,Right Sliding MIN1
311.1743,9,Training,1,Floor,Shelves,Foot Interaction,Right Sliding MIN1
311.2299,9,Training,1,Floor,Shelves,Foot Interaction,Right Sliding MIN1
311.2855,9,Training,1,Floor,Shelves,Foot Interaction,Right Sliding MIN1
311.3521,9,Training,1,Floor,Shelves,Foot Interaction,Right Sliding MIN1
311.4077,9,Training,1,Floor,Shelves,Foot Interaction,Right Sliding MIN1
311.4632,9,Training,1,Floor,Shelves,Foot Interaction,Right Sliding MIN1
311.5299,9,Training,1,Floor,Shelves,Foot Interaction,Right Sliding MIN1
313.4188,9,Training,1,Floor,Shelves,Foot Interaction,Right Sliding MAX2
313.4854,9,Training,1,Floor,Shelves,Foot Interaction,Right Sliding MAX2
313.7965,9,Training,1,Floor,Shelves,Foot Interaction,Right Sliding MIN3
313.8521,9,Training,1,Floor,Shelves,Foot Interaction,Right Sliding MIN3
313.9188,9,Training,1,Floor,Shelves,Foot Interaction,Right Sliding MIN3
313.9743,9,Training,1,Floor,Shelves,Foot Interaction,Right Sliding MIN3
314.0298,9,Training,1,Floor,Shelves,Foot Interaction,Right Sliding MIN3
314.0965,9,Training,1,Floor,Shelves,Foot Interaction,Right Sliding MIN3
314.1521,9,Training,1,Floor,Shelves,Foot Interaction,Right Sliding MIN3
314.2188,9,Training,1,Floor,Shelves,Foot Interaction,Right Sliding MIN3
314.2743,9,Training,1,Floor,Shelves,Foot Interaction,Right Sliding MIN3
314.3409,9,Training,1,Floor,Shelves,Foot Interaction,Right Sliding MIN3
314.3965,9,Training,1,Floor,Shelves,Foot Interaction,Right Sliding MIN3
314.4632,9,Training,1,Floor,Shelves,Foot Interaction,Right Sliding MIN3
314.5187,9,Training,1,Floor,Shelves,Foot Interaction,Right Sliding MIN3
314.5854,9,Training,1,Floor,Shelves,Foot Interaction,Right Sliding MIN3
314.641,9,Training,1,Floor,Shelves,Foot Interaction,Right Sliding MIN3
314.7076,9,Training,1,Floor,Shelves,Foot Interaction,Right Sliding MIN3
314.7521,9,Training,1,Floor,Shelves,Foot Interaction,Right Sliding MIN3
316.2521,9,Training,1,Floor,Shelves,Foot Interaction,Left Sliding MAX2
316.3076,9,Training,1,Floor,Shelves,Foot Interaction,Left Sliding MAX2
316.3632,9,Training,1,Floor,Shelves,Foot Interaction,Left Sliding MAX2
316.4187,9,Training,1,Floor,Shelves,Foot Interaction,Left Sliding MAX2
316.4854,9,Training,1,Floor,Shelves,Foot Interaction,Left Sliding MAX2
316.541,9,Training,1,Floor,Shelves,Foot Interaction,Left Sliding MAX2
316.6187,9,Training,1,Floor,Shelves,Foot Interaction,Left Sliding MAX2
316.6743,9,Training,1,Floor,Shelves,Foot Interaction,Left Sliding MAX2
316.7298,9,Training,1,Floor,Shelves,Foot Interaction,Left Sliding MAX2
316.7965,9,Training,1,Floor,Shelves,Foot Interaction,Left Sliding MAX2
316.8632,9,Training,1,Floor,Shelves,Foot Interaction,Left Sliding MAX2
316.9187,9,Training,1,Floor,Shelves,Foot Interaction,Left Sliding MAX2
316.9854,9,Training,1,Floor,Shelves,Foot Interaction,Left Sliding MAX2
317.041,9,Training,1,Floor,Shelves,Foot Interaction,Left Sliding MAX2
317.0965,9,Training,1,Floor,Shelves,Foot Interaction,Left Sliding MAX2
317.152,9,Training,1,Floor,Shelves,Foot Interaction,Left Sliding MAX2
317.2187,9,Training,1,Floor,Shelves,Foot Interaction,Left Sliding MAX2
317.2743,9,Training,1,Floor,Shelves,Foot Interaction,Left Sliding MAX2
317.3409,9,Training,1,Floor,Shelves,Foot Interaction,Left Sliding MAX2
318.052,9,Training,1,Floor,Shelves,Foot Interaction,Right Foot Press
318.4187,9,Training,1,Floor,Shelves,Foot Interaction,Right Sliding MIN3
318.4631,9,Training,1,Floor,Shelves,Foot Interaction,Right Sliding MIN3
318.5409,9,Training,1,Floor,Shelves,Foot Interaction,Right Sliding MIN3
318.5965,9,Training,1,Floor,Shelves,Foot Interaction,Right Sliding MIN3
318.6631,9,Training,1,Floor,Shelves,Foot Interaction,Right Sliding MIN3
318.7187,9,Training,1,Floor,Shelves,Foot Interaction,Right Sliding MIN3
318.7853,9,Training,1,Floor,Shelves,Foot Interaction,Right Sliding MIN3
318.8409,9,Training,1,Floor,Shelves,Foot Interaction,Right Sliding MIN3
318.9076,9,Training,1,Floor,Shelves,Foot Interaction,Right Sliding MIN3
318.9631,9,Training,1,Floor,Shelves,Foot Interaction,Right Sliding MIN3
327.9186,9,Training,1,Floor,Shelves,Foot Interaction,Right Sliding MAX2
327.9742,9,Training,1,Floor,Shelves,Foot Interaction,Right Sliding MAX2
328.0408,9,Training,1,Floor,Shelves,Foot Interaction,Right Sliding MAX2
328.0964,9,Training,1,Floor,Shelves,Foot Interaction,Right Sliding MAX2
328.163,9,Training,1,Floor,Shelves,Foot Interaction,Right Sliding MAX2
328.2297,9,Training,1,Floor,Shelves,Foot Interaction,Right Sliding MAX2
328.2964,9,Training,1,Floor,Shelves,Foot Interaction,Right Foot Press
328.2964,9,Training,1,Floor,Shelves,Foot Interaction,Right Sliding MAX2
328.3408,9,Training,1,Floor,Shelves,Foot Interaction,Right Sliding MAX2
328.4186,9,Training,1,Floor,Shelves,Foot Interaction,Right Sliding MAX2
328.4741,9,Training,1,Floor,Shelves,Foot Interaction,Right Sliding MAX2
328.5964,9,Training,1,Floor,Shelves,Foot Interaction,Right Sliding MAX2
328.663,9,Training,1,Floor,Shelves,Foot Interaction,Right Sliding MAX2
329.4297,9,Training,1,Floor,Shelves,Foot Interaction,Right Sliding MAX2
329.4963,9,Training,1,Floor,Shelves,Foot Interaction,Right Sliding MAX2
329.5408,9,Training,1,Floor,Shelves,Foot Interaction,Right Sliding MAX2
329.5852,9,Training,1,Floor,Shelves,Foot Interaction,Right Sliding MAX2
329.6186,9,Training,1,Floor,Shelves,Foot Interaction,Right Sliding MAX2
329.6741,9,Training,1,Floor,Shelves,Foot Interaction,Right Sliding MAX2
329.7075,9,Training,1,Floor,Shelves,Foot Interaction,Right Sliding MAX2
329.7519,9,Training,1,Floor,Shelves,Foot Interaction,Right Sliding MAX2
329.7852,9,Training,1,Floor,Shelves,Foot Interaction,Right Sliding MAX2
329.8297,9,Training,1,Floor,Shelves,Foot Interaction,Right Sliding MAX2
329.863,9,Training,1,Floor,Shelves,Foot Interaction,Right Sliding MAX2
329.9075,9,Training,1,Floor,Shelves,Foot Interaction,Right Sliding MAX2
329.9408,9,Training,1,Floor,Shelves,Foot Interaction,Right Sliding MAX2
334.8519,9,Training,1,Floor,Shelves,Foot Interaction,Left Sliding MAX1
334.8852,9,Training,1,Floor,Shelves,Foot Interaction,Left Sliding MAX1
334.9407,9,Training,1,Floor,Shelves,Foot Interaction,Left Sliding MAX1
334.9741,9,Training,1,Floor,Shelves,Foot Interaction,Left Sliding MAX1
335.0185,9,Training,1,Floor,Shelves,Foot Interaction,Left Sliding MAX1
335.0518,9,Training,1,Floor,Shelves,Foot Interaction,Left Sliding MAX1
335.1074,9,Training,1,Floor,Shelves,Foot Interaction,Left Sliding MAX1
335.8741,9,Training,1,Floor,Shelves,Foot Interaction,Right Foot Press
339.674,9,Training,1,Floor,Shelves,Foot Interaction,Right Foot Press
341.774,9,Training,1,Floor,Shelves,Foot Interaction,Right Foot Press
343.0184,9,Training,1,Floor,Shelves,Foot Interaction,Right Foot Press
344.3629,9,Training,1,Floor,Shelves,Foot Interaction,Right Foot Press
345.2962,9,Training,1,Floor,Shelves,Foot Interaction,Right Sliding MAX3
345.3295,9,Training,1,Floor,Shelves,Foot Interaction,Right Sliding MAX3
345.374,9,Training,1,Floor,Shelves,Foot Interaction,Right Sliding MAX3
345.4073,9,Training,1,Floor,Shelves,Foot Interaction,Right Sliding MAX3
345.4517,9,Training,1,Floor,Shelves,Foot Interaction,Right Sliding MAX3
345.485,9,Training,1,Floor,Shelves,Foot Interaction,Right Sliding MAX3
345.5184,9,Training,1,Floor,Shelves,Foot Interaction,Right Foot Press
346.9962,9,Training,1,Floor,Shelves,Foot Interaction,Right Foot Press
352.8072,9,Training,1,Floor,Shelves,Foot Interaction,Right Foot Press
353.5405,9,Training,1,Floor,Shelves,Foot Interaction,Left Sliding MAX1
353.5739,9,Training,1,Floor,Shelves,Foot Interaction,Left Sliding MAX1
353.6183,9,Training,1,Floor,Shelves,Foot Interaction,Left Sliding MAX1
354.2739,9,Training,1,Floor,Shelves,Foot Interaction,Right Sliding MIN1
354.3072,9,Training,1,Floor,Shelves,Foot Interaction,Right Sliding MIN1
354.3405,9,Training,1,Floor,Shelves,Foot Interaction,Right Sliding MIN1
354.3849,9,Training,1,Floor,Shelves,Foot Interaction,Right Sliding MIN1
354.4294,9,Training,1,Floor,Shelves,Foot Interaction,Right Sliding MIN1
354.4627,9,Training,1,Floor,Shelves,Foot Interaction,Right Sliding MIN1
354.4961,9,Training,1,Floor,Shelves,Foot Interaction,Right Sliding MIN1
354.5405,9,Training,1,Floor,Shelves,Foot Interaction,Right Sliding MIN1
354.585,9,Training,1,Floor,Shelves,Foot Interaction,Right Sliding MIN1
354.6294,9,Training,1,Floor,Shelves,Foot Interaction,Right Sliding MIN1
354.6738,9,Training,1,Floor,Shelves,Foot Interaction,Right Sliding MIN1
354.7072,9,Training,1,Floor,Shelves,Foot Interaction,Right Sliding MIN1
354.7516,9,Training,1,Floor,Shelves,Foot Interaction,Right Sliding MIN1
354.7961,9,Training,1,Floor,Shelves,Foot Interaction,Right Sliding MIN1
354.8294,9,Training,1,Floor,Shelves,Foot Interaction,Right Sliding MIN1
355.5961,9,Training,1,Floor,Shelves,Foot Interaction,Right Foot Press
356.4294,9,Training,1,Floor,Shelves,Foot Interaction,Right Foot Press
358.8849,9,Training,1,Floor,Shelves,Foot Interaction,Right Sliding MIN1
358.9182,9,Training,1,Floor,Shelves,Foot Interaction,Right Sliding MIN1
358.9627,9,Training,1,Floor,Shelves,Foot Interaction,Right Sliding MIN1
358.996,9,Training,1,Floor,Shelves,Foot Interaction,Right Sliding MIN1
359.0405,9,Training,1,Floor,Shelves,Foot Interaction,Right Sliding MIN1
359.0738,9,Training,1,Floor,Shelves,Foot Interaction,Right Sliding MIN1
359.1071,9,Training,1,Floor,Shelves,Foot Interaction,Right Sliding MIN1
359.1404,9,Training,1,Floor,Shelves,Foot Interaction,Right Sliding MIN1
359.1849,9,Training,1,Floor,Shelves,Foot Interaction,Right Sliding MIN1
359.2294,9,Training,1,Floor,Shelves,Foot Interaction,Right Sliding MIN1
359.2627,9,Training,1,Floor,Shelves,Foot Interaction,Right Sliding MIN1
359.296,9,Training,1,Floor,Shelves,Foot Interaction,Right Sliding MIN1
359.3293,9,Training,1,Floor,Shelves,Foot Interaction,Right Sliding MIN1
359.3627,9,Training,1,Floor,Shelves,Foot Interaction,Right Sliding MIN1
359.4071,9,Training,1,Floor,Shelves,Foot Interaction,Right Sliding MIN1
359.4405,9,Training,1,Floor,Shelves,Foot Interaction,Right Sliding MIN1
359.4738,9,Training,1,Floor,Shelves,Foot Interaction,Right Sliding MIN1
359.5182,9,Training,1,Floor,Shelves,Foot Interaction,Right Sliding MIN1
359.5627,9,Training,1,Floor,Shelves,Foot Interaction,Right Sliding MIN1
359.596,9,Training,1,Floor,Shelves,Foot Interaction,Right Sliding MIN1
359.6293,9,Training,1,Floor,Shelves,Foot Interaction,Right Sliding MIN1
359.6627,9,Training,1,Floor,Shelves,Foot Interaction,Right Sliding MIN1
359.7071,9,Training,1,Floor,Shelves,Foot Interaction,Right Sliding MIN1
359.8071,9,Training,1,Floor,Shelves,Foot Interaction,Right Sliding MIN1
359.8516,9,Training,1,Floor,Shelves,Foot Interaction,Right Foot Press
361.0516,9,Training,1,Floor,Shelves,Foot Interaction,Right Foot Press
362.5071,9,Training,1,Floor,Shelves,Foot Interaction,Left Foot Press
363.3737,9,Training,1,Floor,Shelves,Foot Interaction,Right Foot Press
365.3404,9,Training,1,Floor,Shelves,Foot Interaction,Left Foot Press
366.007,9,Training,1,Floor,Shelves,Foot Interaction,Right Foot Press
367.9515,9,Training,1,Floor,Shelves,Foot Interaction,Left Foot Press
368.7959,9,Training,1,Floor,Shelves,Foot Interaction,Right Foot Press
370.3292,9,Training,1,Floor,Shelves,Foot Interaction,Right Foot Press
376.7403,9,Training,1,Floor,Shelves,Foot Interaction,Right Foot Press
380.6736,9,Training,1,Floor,Shelves,Foot Interaction,Right Foot Press
385.218,9,Training,1,Floor,Shelves,Foot Interaction,Right Foot Press
386.3846,9,Training,1,Floor,Shelves,Foot Interaction,Right Sliding MAX1
386.4179,9,Training,1,Floor,Shelves,Foot Interaction,Right Sliding MAX1
386.4513,9,Training,1,Floor,Shelves,Foot Interaction,Right Sliding MAX1
386.4846,9,Training,1,Floor,Shelves,Foot Interaction,Right Sliding MAX1
386.5179,9,Training,1,Floor,Shelves,Foot Interaction,Right Sliding MAX1
386.5624,9,Training,1,Floor,Shelves,Foot Interaction,Right Sliding MAX1
386.5957,9,Training,1,Floor,Shelves,Foot Interaction,Right Sliding MAX1
386.629,9,Training,1,Floor,Shelves,Foot Interaction,Right Sliding MAX1
386.6735,9,Training,1,Floor,Shelves,Foot Interaction,Right Sliding MAX1
386.718,9,Training,1,Floor,Shelves,Foot Interaction,Right Sliding MAX1
386.7624,9,Training,1,Floor,Shelves,Foot Interaction,Right Sliding MAX1
386.7957,9,Training,1,Floor,Shelves,Foot Interaction,Right Sliding MAX1
386.8401,9,Training,1,Floor,Shelves,Foot Interaction,Right Sliding MAX1
386.8957,9,Training,1,Floor,Shelves,Foot Interaction,Right Sliding MAX1
386.929,9,Training,1,Floor,Shelves,Foot Interaction,Right Sliding MAX1
388.829,9,Training,1,Floor,Shelves,Foot Interaction,Right Foot Press
390.5179,9,Training,1,Floor,Shelves,Foot Interaction,Right Foot Press
392.4068,9,Training,1,Floor,Shelves,Foot Interaction,Right Foot Press
431.7841,9,Training,1,Floor,Shelves,Foot Interaction,Right Foot Press
434.0952,9,Training,1,Floor,Shelves,Foot Interaction,Right Foot Press
441.3173,9,Training,1,Floor,Shelves,Foot Interaction,Left Sliding MAX1
441.3506,9,Training,1,Floor,Shelves,Foot Interaction,Left Sliding MAX1
441.384,9,Training,1,Floor,Shelves,Foot Interaction,Left Sliding MAX1
441.4284,9,Training,1,Floor,Shelves,Foot Interaction,Left Sliding MAX1
441.4618,9,Training,1,Floor,Shelves,Foot Interaction,Left Sliding MAX1
441.5062,9,Training,1,Floor,Shelves,Foot Interaction,Left Sliding MAX1
441.5396,9,Training,1,Floor,Shelves,Foot Interaction,Left Sliding MAX1
441.5951,9,Training,1,Floor,Shelves,Foot Interaction,Right Foot Press
441.5951,9,Training,1,Floor,Shelves,Foot Interaction,Left Sliding MAX1
441.6284,9,Training,1,Floor,Shelves,Foot Interaction,Left Sliding MAX1
441.6729,9,Training,1,Floor,Shelves,Foot Interaction,Left Sliding MAX1
441.7062,9,Training,1,Floor,Shelves,Foot Interaction,Left Sliding MAX1
441.7507,9,Training,1,Floor,Shelves,Foot Interaction,Left Sliding MAX1
441.7951,9,Training,1,Floor,Shelves,Foot Interaction,Left Sliding MAX1
441.8284,9,Training,1,Floor,Shelves,Foot Interaction,Left Sliding MAX1
441.8618,9,Training,1,Floor,Shelves,Foot Interaction,Left Sliding MAX1
441.9173,9,Training,1,Floor,Shelves,Foot Interaction,Left Sliding MAX1
441.9507,9,Training,1,Floor,Shelves,Foot Interaction,Left Sliding MAX1
441.9951,9,Training,1,Floor,Shelves,Foot Interaction,Left Sliding MAX1
442.0396,9,Training,1,Floor,Shelves,Foot Interaction,Left Sliding MAX1
442.084,9,Training,1,Floor,Shelves,Foot Interaction,Left Sliding MAX1
442.1173,9,Training,1,Floor,Shelves,Foot Interaction,Left Sliding MAX1
442.1618,9,Training,1,Floor,Shelves,Foot Interaction,Left Sliding MAX1
442.2062,9,Training,1,Floor,Shelves,Foot Interaction,Left Sliding MAX1
442.2506,9,Training,1,Floor,Shelves,Foot Interaction,Left Sliding MAX1
442.2951,9,Training,1,Floor,Shelves,Foot Interaction,Left Sliding MAX1
442.3284,9,Training,1,Floor,Shelves,Foot Interaction,Left Sliding MAX1
442.3729,9,Training,1,Floor,Shelves,Foot Interaction,Left Sliding MAX1
442.4173,9,Training,1,Floor,Shelves,Foot Interaction,Left Sliding MAX1
442.4618,9,Training,1,Floor,Shelves,Foot Interaction,Left Sliding MAX1
442.4951,9,Training,1,Floor,Shelves,Foot Interaction,Left Sliding MAX1
442.5396,9,Training,1,Floor,Shelves,Foot Interaction,Left Sliding MAX1
442.584,9,Training,1,Floor,Shelves,Foot Interaction,Left Sliding MAX1
442.6173,9,Training,1,Floor,Shelves,Foot Interaction,Left Sliding MAX1
442.6617,9,Training,1,Floor,Shelves,Foot Interaction,Left Sliding MAX1
442.6951,9,Training,1,Floor,Shelves,Foot Interaction,Left Sliding MAX1
442.7395,9,Training,1,Floor,Shelves,Foot Interaction,Left Sliding MAX1
444.7062,9,Training,1,Floor,Shelves,Foot Interaction,Right Sliding MAX1
444.7506,9,Training,1,Floor,Shelves,Foot Interaction,Right Sliding MAX1
444.7951,9,Training,1,Floor,Shelves,Foot Interaction,Right Sliding MAX1
444.8395,9,Training,1,Floor,Shelves,Foot Interaction,Right Sliding MAX1
444.8728,9,Training,1,Floor,Shelves,Foot Interaction,Right Sliding MAX1
444.9173,9,Training,1,Floor,Shelves,Foot Interaction,Right Sliding MAX1
444.9506,9,Training,1,Floor,Shelves,Foot Interaction,Right Sliding MAX1
444.9839,9,Training,1,Floor,Shelves,Foot Interaction,Right Sliding MAX1
445.0173,9,Training,1,Floor,Shelves,Foot Interaction,Right Sliding MAX1
445.0617,9,Training,1,Floor,Shelves,Foot Interaction,Right Sliding MAX1
445.1062,9,Training,1,Floor,Shelves,Foot Interaction,Right Sliding MAX1
445.1395,9,Training,1,Floor,Shelves,Foot Interaction,Right Sliding MAX1
445.184,9,Training,1,Floor,Shelves,Foot Interaction,Right Sliding MAX1
445.2173,9,Training,1,Floor,Shelves,Foot Interaction,Right Sliding MAX1
445.2617,9,Training,1,Floor,Shelves,Foot Interaction,Right Foot Press
461.1282,9,Training,1,Floor,Shelves,Foot Interaction,Right Foot Press
469.8392,9,Training,1,Floor,Shelves,Foot Interaction,Right Sliding MAX1
469.8726,9,Training,1,Floor,Shelves,Foot Interaction,Right Sliding MAX1
469.9059,9,Training,1,Floor,Shelves,Foot Interaction,Right Sliding MAX1
469.9503,9,Training,1,Floor,Shelves,Foot Interaction,Right Sliding MAX1
469.9837,9,Training,1,Floor,Shelves,Foot Interaction,Right Sliding MAX1
470.0281,9,Training,1,Floor,Shelves,Foot Interaction,Right Sliding MAX1
470.0615,9,Training,1,Floor,Shelves,Foot Interaction,Right Sliding MAX1
470.1059,9,Training,1,Floor,Shelves,Foot Interaction,Right Sliding MAX1
470.1392,9,Training,1,Floor,Shelves,Foot Interaction,Right Sliding MAX1
470.1726,9,Training,1,Floor,Shelves,Foot Interaction,Right Sliding MAX1
470.2059,9,Training,1,Floor,Shelves,Foot Interaction,Right Sliding MAX1
470.2392,9,Training,1,Floor,Shelves,Foot Interaction,Right Sliding MAX1
470.2837,9,Training,1,Floor,Shelves,Foot Interaction,Right Sliding MAX1
470.317,9,Training,1,Floor,Shelves,Foot Interaction,Right Sliding MAX1
489.2279,9,Training,1,Floor,Shelves,Foot Interaction,Right Sliding MAX1
489.2723,9,Training,1,Floor,Shelves,Foot Interaction,Right Sliding MAX1
489.3168,9,Training,1,Floor,Shelves,Foot Interaction,Right Sliding MAX1
489.3501,9,Training,1,Floor,Shelves,Foot Interaction,Right Sliding MAX1
490.8057,9,Training,1,Floor,Shelves,Foot Interaction,Left Sliding MAX3
490.8501,9,Training,1,Floor,Shelves,Foot Interaction,Left Sliding MAX3
490.8835,9,Training,1,Floor,Shelves,Foot Interaction,Left Sliding MAX3
490.939,9,Training,1,Floor,Shelves,Foot Interaction,Left Sliding MAX3
490.9834,9,Training,1,Floor,Shelves,Foot Interaction,Left Sliding MAX3
491.0168,9,Training,1,Floor,Shelves,Foot Interaction,Left Sliding MAX3
491.4723,9,Training,1,Floor,Shelves,Foot Interaction,Left Sliding MAX3
491.5168,9,Training,1,Floor,Shelves,Foot Interaction,Left Sliding MAX3
491.5501,9,Training,1,Floor,Shelves,Foot Interaction,Left Sliding MAX3
491.5945,9,Training,1,Floor,Shelves,Foot Interaction,Left Sliding MAX3
491.6834,9,Training,1,Floor,Shelves,Foot Interaction,Left Sliding MAX3
493.7056,9,Training,1,Floor,Shelves,Foot Interaction,Right Foot Press
494.7167,9,Training,1,Floor,Shelves,Foot Interaction,Right Sliding MAX1
494.7501,9,Training,1,Floor,Shelves,Foot Interaction,Right Sliding MAX1
494.7945,9,Training,1,Floor,Shelves,Foot Interaction,Right Sliding MAX1
494.839,9,Training,1,Floor,Shelves,Foot Interaction,Right Sliding MAX1
494.8834,9,Training,1,Floor,Shelves,Foot Interaction,Right Sliding MAX1
494.9167,9,Training,1,Floor,Shelves,Foot Interaction,Right Sliding MAX1
494.9612,9,Training,1,Floor,Shelves,Foot Interaction,Right Sliding MAX1
495.0167,9,Training,1,Floor,Shelves,Foot Interaction,Right Sliding MAX1
495.05,9,Training,1,Floor,Shelves,Foot Interaction,Right Sliding MAX1
495.0834,9,Training,1,Floor,Shelves,Foot Interaction,Right Sliding MAX1
495.1278,9,Training,1,Floor,Shelves,Foot Interaction,Right Sliding MAX1
495.1723,9,Training,1,Floor,Shelves,Foot Interaction,Right Sliding MAX1
495.2167,9,Training,1,Floor,Shelves,Foot Interaction,Right Sliding MAX1
495.2501,9,Training,1,Floor,Shelves,Foot Interaction,Right Sliding MAX1
495.2945,9,Training,1,Floor,Shelves,Foot Interaction,Right Sliding MAX1
495.4056,9,Training,1,Floor,Shelves,Foot Interaction,Right Sliding MAX1
495.4501,9,Training,1,Floor,Shelves,Foot Interaction,Right Sliding MAX1
495.4945,9,Training,1,Floor,Shelves,Foot Interaction,Right Sliding MAX1
495.5278,9,Training,1,Floor,Shelves,Foot Interaction,Right Sliding MAX1
495.5723,9,Training,1,Floor,Shelves,Foot Interaction,Right Sliding MAX1
495.6056,9,Training,1,Floor,Shelves,Foot Interaction,Right Sliding MAX1
495.6501,9,Training,1,Floor,Shelves,Foot Interaction,Right Sliding MAX1
495.6945,9,Training,1,Floor,Shelves,Foot Interaction,Right Sliding MAX1
495.739,9,Training,1,Floor,Shelves,Foot Interaction,Right Sliding MAX1
495.7723,9,Training,1,Floor,Shelves,Foot Interaction,Right Sliding MAX1
495.8167,9,Training,1,Floor,Shelves,Foot Interaction,Right Sliding MAX1
495.8612,9,Training,1,Floor,Shelves,Foot Interaction,Right Sliding MAX1
495.8945,9,Training,1,Floor,Shelves,Foot Interaction,Right Sliding MAX1
495.9389,9,Training,1,Floor,Shelves,Foot Interaction,Right Sliding MAX1
495.9834,9,Training,1,Floor,Shelves,Foot Interaction,Right Sliding MAX1
496.0278,9,Training,1,Floor,Shelves,Foot Interaction,Right Sliding MAX1
496.0723,9,Training,1,Floor,Shelves,Foot Interaction,Right Sliding MAX1
496.1056,9,Training,1,Floor,Shelves,Foot Interaction,Right Sliding MAX1
496.1501,9,Training,1,Floor,Shelves,Foot Interaction,Right Sliding MAX1
496.1834,9,Training,1,Floor,Shelves,Foot Interaction,Right Sliding MAX1
496.2167,9,Training,1,Floor,Shelves,Foot Interaction,Right Sliding MAX1
496.2612,9,Training,1,Floor,Shelves,Foot Interaction,Right Sliding MAX1
496.3056,9,Training,1,Floor,Shelves,Foot Interaction,Right Sliding MAX1
496.35,9,Training,1,Floor,Shelves,Foot Interaction,Right Sliding MAX1
496.3834,9,Training,1,Floor,Shelves,Foot Interaction,Right Sliding MAX1
496.4278,9,Training,1,Floor,Shelves,Foot Interaction,Right Sliding MAX1
496.4723,9,Training,1,Floor,Shelves,Foot Interaction,Right Sliding MAX1
496.5056,9,Training,1,Floor,Shelves,Foot Interaction,Right Sliding MAX1
496.5389,9,Training,1,Floor,Shelves,Foot Interaction,Right Sliding MAX1
496.5723,9,Training,1,Floor,Shelves,Foot Interaction,Right Sliding MAX1
496.6056,9,Training,1,Floor,Shelves,Foot Interaction,Right Sliding MAX1
496.6501,9,Training,1,Floor,Shelves,Foot Interaction,Right Sliding MAX1
496.6834,9,Training,1,Floor,Shelves,Foot Interaction,Right Sliding MAX1
496.7167,9,Training,1,Floor,Shelves,Foot Interaction,Right Sliding MAX1
496.75,9,Training,1,Floor,Shelves,Foot Interaction,Right Sliding MAX1
496.7834,9,Training,1,Floor,Shelves,Foot Interaction,Right Sliding MAX1
496.8278,9,Training,1,Floor,Shelves,Foot Interaction,Right Sliding MAX1
496.8723,9,Training,1,Floor,Shelves,Foot Interaction,Right Sliding MAX1
496.9056,9,Training,1,Floor,Shelves,Foot Interaction,Right Sliding MAX1
496.9389,9,Training,1,Floor,Shelves,Foot Interaction,Right Sliding MAX1
496.9834,9,Training,1,Floor,Shelves,Foot Interaction,Right Sliding MAX1
497.0167,9,Training,1,Floor,Shelves,Foot Interaction,Right Sliding MAX1
497.0612,9,Training,1,Floor,Shelves,Foot Interaction,Right Sliding MAX1
497.1056,9,Training,1,Floor,Shelves,Foot Interaction,Right Sliding MAX1
497.1501,9,Training,1,Floor,Shelves,Foot Interaction,Right Sliding MAX1
497.1834,9,Training,1,Floor,Shelves,Foot Interaction,Right Sliding MAX1
497.2167,9,Training,1,Floor,Shelves,Foot Interaction,Right Sliding MAX1
497.25,9,Training,1,Floor,Shelves,Foot Interaction,Right Sliding MAX1
513.8165,9,Training,1,Floor,Shelves,Foot Interaction,Right Foot Press
527.7386,9,Training,1,Floor,Shelves,Foot Interaction,Left Sliding MIN1
527.783,9,Training,1,Floor,Shelves,Foot Interaction,Left Sliding MIN1
527.8275,9,Training,1,Floor,Shelves,Foot Interaction,Left Sliding MIN1
527.8719,9,Training,1,Floor,Shelves,Foot Interaction,Left Sliding MIN1
527.9053,9,Training,1,Floor,Shelves,Foot Interaction,Left Sliding MIN1
527.9497,9,Training,1,Floor,Shelves,Foot Interaction,Left Sliding MIN1
527.9941,9,Training,1,Floor,Shelves,Foot Interaction,Left Sliding MIN1
528.0386,9,Training,1,Floor,Shelves,Foot Interaction,Left Sliding MIN1
528.0719,9,Training,1,Floor,Shelves,Foot Interaction,Left Sliding MIN1
528.1163,9,Training,1,Floor,Shelves,Foot Interaction,Left Sliding MIN1
528.1608,9,Training,1,Floor,Shelves,Foot Interaction,Left Sliding MIN1
528.1942,9,Training,1,Floor,Shelves,Foot Interaction,Left Sliding MIN1
528.2386,9,Training,1,Floor,Shelves,Foot Interaction,Left Sliding MIN1
528.2719,9,Training,1,Floor,Shelves,Foot Interaction,Left Sliding MIN1
528.3052,9,Training,1,Floor,Shelves,Foot Interaction,Left Sliding MIN1
528.3497,9,Training,1,Floor,Shelves,Foot Interaction,Left Sliding MIN1
528.3831,9,Training,1,Floor,Shelves,Foot Interaction,Left Sliding MIN1
528.4275,9,Training,1,Floor,Shelves,Foot Interaction,Left Sliding MIN1
528.4719,9,Training,1,Floor,Shelves,Foot Interaction,Left Sliding MIN1
528.5164,9,Training,1,Floor,Shelves,Foot Interaction,Left Sliding MIN1
528.5497,9,Training,1,Floor,Shelves,Foot Interaction,Left Sliding MIN1
528.5941,9,Training,1,Floor,Shelves,Foot Interaction,Left Sliding MIN1
528.6385,9,Training,1,Floor,Shelves,Foot Interaction,Left Sliding MIN1
529.0386,9,Training,1,Floor,Shelves,Foot Interaction,Right Foot Press
557.8938,9,Training,1,Floor,Shelves,Foot Interaction,Right Sliding MIN1
557.9271,9,Training,1,Floor,Shelves,Foot Interaction,Right Sliding MIN1
557.9716,9,Training,1,Floor,Shelves,Foot Interaction,Right Sliding MIN1
558.016,9,Training,1,Floor,Shelves,Foot Interaction,Right Sliding MIN1
558.0494,9,Training,1,Floor,Shelves,Foot Interaction,Right Sliding MIN1
560.7715,9,Training,1,Floor,Shelves,Foot Interaction,Left Sliding MIN2
560.8049,9,Training,1,Floor,Shelves,Foot Interaction,Left Sliding MIN2
560.8383,9,Training,1,Floor,Shelves,Foot Interaction,Left Sliding MIN2
560.8827,9,Training,1,Floor,Shelves,Foot Interaction,Left Sliding MIN2
560.916,9,Training,1,Floor,Shelves,Foot Interaction,Left Sliding MIN2
567.1826,9,Training,1,Floor,Shelves,Foot Interaction,Right Sliding MIN3
567.2159,9,Training,1,Floor,Shelves,Foot Interaction,Right Sliding MIN3
567.3048,9,Training,1,Floor,Shelves,Foot Interaction,Right Sliding MIN3
567.427,9,Training,1,Floor,Shelves,Foot Interaction,Right Sliding MIN3
567.4714,9,Training,1,Floor,Shelves,Foot Interaction,Right Sliding MIN3
567.5048,9,Training,1,Floor,Shelves,Foot Interaction,Right Sliding MIN3
567.5381,9,Training,1,Floor,Shelves,Foot Interaction,Right Sliding MIN3
567.5826,9,Training,1,Floor,Shelves,Foot Interaction,Right Sliding MIN3
567.6271,9,Training,1,Floor,Shelves,Foot Interaction,Right Sliding MIN3
590.9379,9,Training,1,Floor,Shelves,Foot Interaction,Right Foot Press
609.7043,9,Training,1,Floor,Shelves,Foot Interaction,Right Sliding MAX1
625.1819,9,Training,1,Floor,Shelves,Foot Interaction,Left Sliding MAX1
625.2153,9,Training,1,Floor,Shelves,Foot Interaction,Left Sliding MAX1
625.2598,9,Training,1,Floor,Shelves,Foot Interaction,Left Sliding MAX1
625.2931,9,Training,1,Floor,Shelves,Foot Interaction,Left Sliding MAX1
625.4042,9,Training,1,Floor,Shelves,Foot Interaction,Left Sliding MAX1
625.4486,9,Training,1,Floor,Shelves,Foot Interaction,Left Sliding MAX1
625.5153,9,Training,1,Floor,Shelves,Foot Interaction,Left Sliding MAX1
625.5486,9,Training,1,Floor,Shelves,Foot Interaction,Left Sliding MAX1
625.5819,9,Training,1,Floor,Shelves,Foot Interaction,Left Sliding MAX1
625.6152,9,Training,1,Floor,Shelves,Foot Interaction,Left Sliding MAX1
625.6819,9,Training,1,Floor,Shelves,Foot Interaction,Left Sliding MAX1
625.7153,9,Training,1,Floor,Shelves,Foot Interaction,Left Sliding MAX1
625.7598,9,Training,1,Floor,Shelves,Foot Interaction,Left Sliding MAX1
625.7931,9,Training,1,Floor,Shelves,Foot Interaction,Left Sliding MAX1
625.8597,9,Training,1,Floor,Shelves,Foot Interaction,Left Sliding MAX1
625.8931,9,Training,1,Floor,Shelves,Foot Interaction,Left Sliding MAX1
625.9375,9,Training,1,Floor,Shelves,Foot Interaction,Left Sliding MAX1
625.9708,9,Training,1,Floor,Shelves,Foot Interaction,Left Sliding MAX1
626.0153,9,Training,1,Floor,Shelves,Foot Interaction,Left Sliding MAX1
626.0486,9,Training,1,Floor,Shelves,Foot Interaction,Left Sliding MAX1
626.5597,9,Training,1,Floor,Shelves,Foot Interaction,Right Sliding MIN1
626.593,9,Training,1,Floor,Shelves,Foot Interaction,Right Sliding MIN1
626.6375,9,Training,1,Floor,Shelves,Foot Interaction,Right Sliding MIN1
626.6708,9,Training,1,Floor,Shelves,Foot Interaction,Right Sliding MIN1
626.7153,9,Training,1,Floor,Shelves,Foot Interaction,Right Sliding MIN1
626.7486,9,Training,1,Floor,Shelves,Foot Interaction,Right Sliding MIN1
626.793,9,Training,1,Floor,Shelves,Foot Interaction,Right Sliding MIN1
626.8264,9,Training,1,Floor,Shelves,Foot Interaction,Right Sliding MIN1
626.8597,9,Training,1,Floor,Shelves,Foot Interaction,Right Sliding MIN1
626.9042,9,Training,1,Floor,Shelves,Foot Interaction,Right Sliding MIN1
627.0486,9,Training,1,Floor,Shelves,Foot Interaction,Right Sliding MIN1
627.093,9,Training,1,Floor,Shelves,Foot Interaction,Right Sliding MIN1
627.1263,9,Training,1,Floor,Shelves,Foot Interaction,Right Sliding MIN1
627.1708,9,Training,1,Floor,Shelves,Foot Interaction,Right Sliding MIN1
628.1375,9,Training,1,Floor,Shelves,Foot Interaction,Right Sliding MIN1
628.1708,9,Training,1,Floor,Shelves,Foot Interaction,Right Sliding MIN1
628.2263,9,Training,1,Floor,Shelves,Foot Interaction,Right Sliding MIN1
628.2597,9,Training,1,Floor,Shelves,Foot Interaction,Right Sliding MIN1
628.3041,9,Training,1,Floor,Shelves,Foot Interaction,Right Sliding MIN1
628.3375,9,Training,1,Floor,Shelves,Foot Interaction,Right Sliding MIN1
631.993,9,Training,1,Floor,Shelves,Foot Interaction,Right Sliding MAX1
632.0263,9,Training,1,Floor,Shelves,Foot Interaction,Right Sliding MAX1
632.0708,9,Training,1,Floor,Shelves,Foot Interaction,Right Sliding MAX1
632.1041,9,Training,1,Floor,Shelves,Foot Interaction,Right Sliding MAX1
632.4374,9,Training,1,Floor,Shelves,Foot Interaction,Right Sliding MAX1
632.4819,9,Training,1,Floor,Shelves,Foot Interaction,Right Sliding MAX1
632.5263,9,Training,1,Floor,Shelves,Foot Interaction,Right Sliding MAX1
632.5708,9,Training,1,Floor,Shelves,Foot Interaction,Right Sliding MAX1
632.6041,9,Training,1,Floor,Shelves,Foot Interaction,Right Sliding MAX1
632.6486,9,Training,1,Floor,Shelves,Foot Interaction,Right Sliding MAX1
632.6819,9,Training,1,Floor,Shelves,Foot Interaction,Right Sliding MAX1
632.7263,9,Training,1,Floor,Shelves,Foot Interaction,Right Sliding MAX1
632.7596,9,Training,1,Floor,Shelves,Foot Interaction,Right Sliding MAX1
632.8041,9,Training,1,Floor,Shelves,Foot Interaction,Right Sliding MAX1
632.8374,9,Training,1,Floor,Shelves,Foot Interaction,Right Sliding MAX1
632.8818,9,Training,1,Floor,Shelves,Foot Interaction,Right Sliding MAX1
632.9152,9,Training,1,Floor,Shelves,Foot Interaction,Right Sliding MAX1
632.9597,9,Training,1,Floor,Shelves,Foot Interaction,Right Sliding MAX1
632.993,9,Training,1,Floor,Shelves,Foot Interaction,Right Sliding MAX1
633.0485,9,Training,1,Floor,Shelves,Foot Interaction,Right Sliding MAX1
633.1263,9,Training,1,Floor,Shelves,Foot Interaction,Left Sliding MAX1
633.1597,9,Training,1,Floor,Shelves,Foot Interaction,Left Sliding MAX1
633.2152,9,Training,1,Floor,Shelves,Foot Interaction,Left Sliding MAX1
633.2485,9,Training,1,Floor,Shelves,Foot Interaction,Left Sliding MAX1
633.293,9,Training,1,Floor,Shelves,Foot Interaction,Left Sliding MAX1
633.3263,9,Training,1,Floor,Shelves,Foot Interaction,Left Sliding MAX1
633.3818,9,Training,1,Floor,Shelves,Foot Interaction,Left Sliding MAX1
633.4152,9,Training,1,Floor,Shelves,Foot Interaction,Left Sliding MAX1
633.4596,9,Training,1,Floor,Shelves,Foot Interaction,Left Sliding MAX1
633.493,9,Training,1,Floor,Shelves,Foot Interaction,Left Sliding MAX1
633.5485,9,Training,1,Floor,Shelves,Foot Interaction,Left Sliding MAX1
633.5818,9,Training,1,Floor,Shelves,Foot Interaction,Left Sliding MAX1
675.8813,9,Training,1,Floor,Shelves,Foot Interaction,Right Foot Press
676.6481,9,Training,1,Floor,Shelves,Foot Interaction,Left Foot Press
678.6036,9,Training,1,Floor,Shelves,Foot Interaction,Right Sliding MIN1
678.6592,9,Training,1,Floor,Shelves,Foot Interaction,Right Sliding MIN1
678.6925,9,Training,1,Floor,Shelves,Foot Interaction,Right Sliding MIN1
678.7147,9,Training,1,Floor,Shelves,Foot Interaction,Right Sliding MIN1
678.7592,9,Training,1,Floor,Shelves,Foot Interaction,Right Sliding MIN1
678.8036,9,Training,1,Floor,Shelves,Foot Interaction,Right Sliding MIN1
678.8369,9,Training,1,Floor,Shelves,Foot Interaction,Right Sliding MIN1
678.8813,9,Training,1,Floor,Shelves,Foot Interaction,Right Sliding MIN1
678.9147,9,Training,1,Floor,Shelves,Foot Interaction,Right Sliding MIN1
678.9591,9,Training,1,Floor,Shelves,Foot Interaction,Right Sliding MIN1
678.9924,9,Training,1,Floor,Shelves,Foot Interaction,Right Sliding MIN1
679.0369,9,Training,1,Floor,Shelves,Foot Interaction,Right Sliding MIN1
679.0591,9,Training,1,Floor,Shelves,Foot Interaction,Right Sliding MIN1
679.1035,9,Training,1,Floor,Shelves,Foot Interaction,Right Sliding MIN1
679.137,9,Training,1,Floor,Shelves,Foot Interaction,Right Sliding MIN1
679.1925,9,Training,1,Floor,Shelves,Foot Interaction,Right Sliding MIN1
679.2258,9,Training,1,Floor,Shelves,Foot Interaction,Right Sliding MIN1
696.1589,9,Training,1,Floor,Shelves,Foot Interaction,Right Foot Press
713.2477,9,Training,1,Floor,Shelves,Foot Interaction,Left Sliding MIN1
713.2921,9,Training,1,Floor,Shelves,Foot Interaction,Left Sliding MIN1
713.3365,9,Training,1,Floor,Shelves,Foot Interaction,Left Sliding MIN1
713.381,9,Training,1,Floor,Shelves,Foot Interaction,Left Sliding MIN1
713.4143,9,Training,1,Floor,Shelves,Foot Interaction,Left Sliding MIN1
713.4587,9,Training,1,Floor,Shelves,Foot Interaction,Left Sliding MIN1
713.5032,9,Training,1,Floor,Shelves,Foot Interaction,Left Sliding MIN1
713.5476,9,Training,1,Floor,Shelves,Foot Interaction,Left Sliding MIN1
713.5809,9,Training,1,Floor,Shelves,Foot Interaction,Left Sliding MIN1
713.6254,9,Training,1,Floor,Shelves,Foot Interaction,Left Sliding MIN1
713.6587,9,Training,1,Floor,Shelves,Foot Interaction,Left Sliding MIN1
713.7144,9,Training,1,Floor,Shelves,Foot Interaction,Left Sliding MIN1
713.7477,9,Training,1,Floor,Shelves,Foot Interaction,Left Sliding MIN1
713.7921,9,Training,1,Floor,Shelves,Foot Interaction,Left Sliding MIN1
713.8254,9,Training,1,Floor,Shelves,Foot Interaction,Left Sliding MIN1
713.8699,9,Training,1,Floor,Shelves,Foot Interaction,Left Sliding MIN1
713.9032,9,Training,1,Floor,Shelves,Foot Interaction,Left Sliding MIN1
713.9476,9,Training,1,Floor,Shelves,Foot Interaction,Left Sliding MIN1
713.9921,9,Training,1,Floor,Shelves,Foot Interaction,Left Sliding MIN1
714.0365,9,Training,1,Floor,Shelves,Foot Interaction,Left Sliding MIN1
714.0698,9,Training,1,Floor,Shelves,Foot Interaction,Left Sliding MIN1
817.5243,9,Training,1,Floor,Shelves,Foot Interaction,Right Foot Press
